,name,item_num,order_num,supplier_num,machine_num,objVal,Runtime,Gap,is_correct,finished_item_num,finished_order_num,pool_1,pool_2,pool_3,pool_4,pool_5
0,1,1,1,1,1,1.0,1.0,1,1,1,1,1.0,1.0,1.0,1.0,1.0
1,0,100,302,9,26,1610.6615705362237,535.5530269145966,0.000554,检查正确,87,264,,,,,
2,1,100,303,10,27,3206.5553100746565,202.91828179359436,0.000749,检查正确,77,230,,,,,
3,4,100,308,10,33,1278.453193319132,3600.036118030548,0.079351,检查正确,91,279,,,,,
4,3,100,289,10,24,1937.4839903813972,490.58945202827454,0.000949,检查正确,85,244,,,,,
5,2,100,326,10,31,1907.5264609743354,283.2693929672241,0.000206,检查正确,84,279,,,,,
