,fabric,instance,item_num,order_num,supplier_num,machine_num,avg machine_num_per_item,avg supplier_num_per_item,avg item_num_per_supplier,avg machine_num_per_supplier,avg order_num_per_item,avg item_quantity,avg order_quantity,avg order_time_window_length
0,梭织,da_type_2_online_solve,177,529,32,69,44.74576271186441,26.016949152542374,143.90625,2.15625,2.9887005649717513,28.10169491525424,9.40264650283554,110.9054820415879
1,毛织,da_type_2_online_solve,89,286,11,28,16.191011235955056,10.157303370786517,82.18181818181819,2.5454545454545454,3.2134831460674156,49.07865168539326,15.272727272727273,112.0909090909091
2,针织,da_type_2_online_solve,295,961,20,42,22.189830508474575,18.79322033898305,277.2,2.1,3.2576271186440677,18.976271186440677,5.8251821019771075,116.9105098855359
3,牛仔,da_type_2_online_solve,30,100,6,11,6.2,5.2,26.0,1.8333333333333333,3.3333333333333335,17.433333333333334,5.23,109.4
4,梭织,uat_1_full,235,549,27,92,54.744680851063826,24.49787234042553,213.22222222222223,3.4074074074074074,2.3361702127659574,28.136170212765958,12.043715846994536,51.95992714025501
5,毛织,uat_1_full,7,11,2,3,3.0,2.0,7.0,1.5,1.5714285714285714,28.428571428571427,18.09090909090909,55.36363636363637
6,针织,uat_1_full,407,1206,21,41,22.5012285012285,19.056511056511056,369.3333333333333,1.9523809523809523,2.963144963144963,27.078624078624077,9.138474295190713,59.80679933665008
7,牛仔,uat_1_full,30,82,6,12,6.0,6.0,30.0,2.0,2.7333333333333334,21.933333333333334,8.024390243902438,59.25609756097561
