,name,item_num,order_num,supplier_num,machine_num,objVal,Runtime,MIPGap,is_correct,finished_item_num,finished_order_num,pool_1,pool_2,pool_3,pool_4,pool_5
0,1,1,1,1,1,1.0,1.0,1,1,1,1,1.0,1.0,1.0,1.0,1.0
1,9,100,292,10,20,4357.388716256021,77.26434588432312,0.00%,检查正确,68,188,,,,,
2,0,100,303,9,29,3124.3921612020767,3600.1628851890564,0.022355,检查正确,83,235,,,,,
3,7,100,294,10,29,1976.3443519505818,2074.408385038376,0.00%,检查正确,87,250,,,,,
4,6,100,308,10,27,3584.2528224168764,742.363452911377,0.00%,检查正确,79,232,,,,,
